repository,github_url,stars,last_update,archived,main_language,framework,platform,visualization_type,bar,LED,dots,particles,line,waveform,radial,shader,full_screen,screenshot_demo,local_demo,audio_file_input,microphone_input,fft_spectrum,smoothing,color_gradient,glow,round_dot_bar,transparency,offscreen_rendering,video_export,license,license_source,license_class,commercial_use_possibility,source_reuse_possibility,reuse_label,implementation_difficulty,reference_similarity,beauty,hip_young_appeal,tokyo_chill_suitability,lower_third_suitability,background_composition_suitability,implementation_simplicity,performance,license_friendliness,aesthetic_notes,demo_url,screenshot_file,readme_checked,license_file_checked,availability
hvianna/audioMotion-analyzer,https://github.com/hvianna/audioMotion-analyzer,953,2026-07-19T19:08:01Z,False,JavaScript,"p5.js, web audio, canvas, react",Web,"LED, bars, radial, line, full-screen",True,True,False,False,True,False,True,False,True,True,False,False,True,True,True,True,False,True,True,True,True,AGPL-3.0,https://raw.githubusercontent.com/hvianna/audioMotion-analyzer/master/LICENSE,RED,conditions/high copyleft,REFERENCE_ONLY,REFERENCE_ONLY,LOW,52,59,55,47,23,54,78,78,20,Discrete light vocabulary relevant to the reference; Frequency aggregation and spacing worth studying,https://audioMotion.dev,research\visualizer_survey\screenshots\001_hvianna_audioMotion-analyzer.webp,True,True,AVAILABLE
foobar404/wave.js,https://github.com/foobar404/wave.js,734,2024-03-28T11:07:30Z,False,HTML,canvas,Web,"bars, line",True,False,False,False,True,False,False,False,False,False,False,True,False,False,False,True,False,False,False,True,False,MIT,https://raw.githubusercontent.com/foobar404/wave.js/main/LICENSE,GREEN,likely yes; preserve notices and re-check dependencies,DIRECT_REUSE_ALLOWED,DIRECT_REUSE_ALLOWED,LOW,32,59,59,51,56,56,90,86,95,Frequency aggregation and spacing worth studying,https://foobar404.github.io/wave.js/ ,,True,True,AVAILABLE
marcopixel/monstercat-visualizer,https://github.com/marcopixel/monstercat-visualizer,962,2023-06-17T17:31:04Z,False,Lua,Lua,Desktop/native,bars,True,False,False,False,False,False,False,False,False,True,False,True,False,False,False,True,False,False,False,False,True,MIT,https://raw.githubusercontent.com/marcopixel/monstercat-visualizer/master/LICENSE,GREEN,likely yes; preserve notices and re-check dependencies,DIRECT_REUSE_ALLOWED,DIRECT_REUSE_ALLOWED,LOW,32,59,59,51,56,56,90,86,95,Frequency aggregation and spacing worth studying,,research\visualizer_survey\screenshots\003_marcopixel_monstercat-visualizer.png,True,True,AVAILABLE
DevonCrawford/LED-Music-Visualizer,https://github.com/DevonCrawford/LED-Music-Visualizer,499,2023-11-19T23:51:49Z,False,C++,C++,Desktop/native,"LED, waveform",False,True,False,False,False,True,False,False,False,False,True,False,False,False,False,True,False,True,False,False,True,MIT,https://raw.githubusercontent.com/DevonCrawford/LED-Music-Visualizer/master/LICENSE,GREEN,likely yes; preserve notices and re-check dependencies,DIRECT_REUSE_ALLOWED,DIRECT_REUSE_ALLOWED,LOW,34,59,55,47,40,51,82,78,95,Discrete light vocabulary relevant to the reference,,,True,True,AVAILABLE
wayou/HTML5_Audio_Visualizer,https://github.com/wayou/HTML5_Audio_Visualizer,1221,2022-01-11T07:57:58Z,False,HTML,HTML,Web,bars,True,False,False,False,False,False,False,False,False,True,False,False,False,True,False,False,False,False,False,False,False,MIT,,GREEN,likely yes; preserve notices and re-check dependencies,DIRECT_REUSE_ALLOWED,DIRECT_REUSE_ALLOWED,LOW,32,51,51,47,56,54,90,86,95,Frequency aggregation and spacing worth studying,https://wayou.github.io/HTML5_Audio_Visualizer/index.html,research\visualizer_survey\screenshots\005_wayou_HTML5_Audio_Visualizer.png,True,False,AVAILABLE
alex2wong/vudio,https://github.com/alex2wong/vudio,52,2020-09-10T14:48:56Z,False,JavaScript,"canvas, react",Web,"LED, bars, waveform, line",True,True,False,False,True,True,False,False,False,True,True,True,False,False,False,True,True,True,False,True,False,NOASSERTION,,RED,unknown/no clear license,REFERENCE_ONLY,REFERENCE_ONLY,LOW,54,66,62,59,56,59,90,86,20,Discrete light vocabulary relevant to the reference; Frequency aggregation and spacing worth studying,https://alex2wong.github.io/vudio/,research\visualizer_survey\screenshots\006_alex2wong_vudio.jpg,True,False,AVAILABLE
margox/vudio.js,https://github.com/margox/vudio.js,254,2024-03-06T10:30:19Z,False,JavaScript,canvas,Web,waveform,False,False,False,False,False,True,False,False,False,True,True,True,True,False,False,True,True,False,False,True,False,NOASSERTION,,RED,unknown/no clear license,REFERENCE_ONLY,REFERENCE_ONLY,LOW,32,68,68,52,40,54,82,78,20,General motion/color reference,http://margox.github.io/vudio.js/,,True,False,AVAILABLE
wizgrav/clubber,https://github.com/wizgrav/clubber,377,2018-06-26T22:17:48Z,False,JavaScript,"web audio, webgl, react",Web,"LED, dots, bars, waveform, shader, line",True,True,True,False,True,True,False,True,False,True,True,False,False,True,True,False,False,True,False,False,True,MIT,https://raw.githubusercontent.com/wizgrav/clubber/master/LICENSE,GREEN,likely yes; preserve notices and re-check dependencies,DIRECT_REUSE_ALLOWED,DIRECT_REUSE_ALLOWED,MEDIUM,62,49,57,59,68,57,71,68,95,Discrete light vocabulary relevant to the reference; Frequency aggregation and spacing worth studying; Art direction useful; direct long-form port may be expensive,http://wizgrav.github.io/clubber,research\visualizer_survey\screenshots\008_wizgrav_clubber.png,True,True,AVAILABLE
azeem/webvs,https://github.com/azeem/webvs,93,2018-06-27T23:01:51Z,False,TypeScript,canvas,Web,waveform,False,False,False,False,False,True,False,False,False,True,True,False,False,False,False,True,False,False,False,True,False,MIT,,GREEN,likely yes; preserve notices and re-check dependencies,DIRECT_REUSE_ALLOWED,DIRECT_REUSE_ALLOWED,LOW,22,56,56,43,40,50,82,78,95,General motion/color reference,,,True,False,AVAILABLE
NickvisionApps/Cavalier,https://github.com/NickvisionApps/Cavalier,278,2025-04-21T03:46:31Z,False,C#,C#,Desktop/native,"dots, bars",True,False,True,False,False,False,False,False,False,True,False,False,False,False,True,True,False,True,False,False,False,MIT,https://raw.githubusercontent.com/NickvisionApps/Cavalier/main/LICENSE,GREEN,likely yes; preserve notices and re-check dependencies,DIRECT_REUSE_ALLOWED,DIRECT_REUSE_ALLOWED,LOW,50,58,65,60,68,60,96,86,95,Discrete light vocabulary relevant to the reference; Frequency aggregation and spacing worth studying,,research\visualizer_survey\screenshots\010_NickvisionApps_Cavalier.png,True,True,AVAILABLE
TheWisker/Cavasik,https://github.com/TheWisker/Cavasik,222,2026-09-04T02:17:59Z,False,Python,"react, gtk",Desktop/native,"LED, particles, bars, line",True,True,False,True,True,False,False,False,False,True,True,False,False,False,True,True,False,True,False,False,True,GPL-3.0,https://raw.githubusercontent.com/TheWisker/Cavasik/master/LICENSE,RED,conditions/high copyleft,REFERENCE_ONLY,REFERENCE_ONLY,LOW,44,66,68,58,56,59,72,64,20,Discrete light vocabulary relevant to the reference; Frequency aggregation and spacing worth studying; Art direction useful; direct long-form port may be expensive,https://flathub.org/apps/io.github.TheWisker.Cavasik,research\visualizer_survey\screenshots\011_TheWisker_Cavasik.png,True,True,AVAILABLE
scottlawsonbc/audio-reactive-led-strip,https://github.com/scottlawsonbc/audio-reactive-led-strip,2986,2026-01-06T18:09:14Z,False,Python,"react, qt",Desktop/native,LED,False,True,False,False,False,False,False,False,False,True,True,True,True,False,False,True,False,True,False,False,True,MIT,https://raw.githubusercontent.com/scottlawsonbc/audio-reactive-led-strip/master/LICENSE.txt,GREEN,likely yes; preserve notices and re-check dependencies,DIRECT_REUSE_ALLOWED,DIRECT_REUSE_ALLOWED,LOW,34,61,57,48,40,52,82,78,95,Discrete light vocabulary relevant to the reference,,research\visualizer_survey\screenshots\012_scottlawsonbc_audio-reactive-led-strip.png,True,True,AVAILABLE
michaelbromley/soundcloud-visualizer,https://github.com/michaelbromley/soundcloud-visualizer,460,2019-09-24T15:18:57Z,False,HTML,"web audio, canvas",Web,"LED, bars",True,True,False,False,False,False,False,False,False,True,True,True,False,False,False,False,False,True,False,True,False,MIT,https://raw.githubusercontent.com/michaelbromley/soundcloud-visualizer/master/LICENSE.txt,GREEN,likely yes; preserve notices and re-check dependencies,DIRECT_REUSE_ALLOWED,DIRECT_REUSE_ALLOWED,LOW,44,49,45,48,56,53,90,86,95,Discrete light vocabulary relevant to the reference; Frequency aggregation and spacing worth studying,http://www.michaelbromley.co.uk/experiments/soundcloud-vis/,,True,True,AVAILABLE
dominikhofacker/audiovisualization,https://github.com/dominikhofacker/audiovisualization,163,2023-02-25T17:12:04Z,False,JavaScript,web audio,Web,line,False,False,False,False,True,False,False,False,False,True,True,True,False,False,False,False,False,False,False,False,False,MIT,https://raw.githubusercontent.com/dominikhofacker/audiovisualization/master/LICENSE,GREEN,likely yes; preserve notices and re-check dependencies,DIRECT_REUSE_ALLOWED,DIRECT_REUSE_ALLOWED,LOW,22,48,48,39,40,47,82,78,95,General motion/color reference,,research\visualizer_survey\screenshots\014_dominikhofacker_audiovisualization.gif,True,True,AVAILABLE
Yug34/audio-visualizer,https://github.com/Yug34/audio-visualizer,2,2023-02-15T19:15:53Z,False,TypeScript,web audio,Web,audio reactive / unspecified,False,False,False,False,False,False,False,False,False,True,False,True,True,True,True,False,False,False,False,True,False,NOASSERTION,,RED,unknown/no clear license,REFERENCE_ONLY,REFERENCE_ONLY,LOW,22,42,42,36,40,45,82,78,20,General motion/color reference,https://yug34.github.io/audio-visualizer/,,True,False,AVAILABLE
mfcc64/youtube-musical-spectrum,https://github.com/mfcc64/youtube-musical-spectrum,198,2026-07-09T14:08:56Z,False,JavaScript,JavaScript,Web,audio reactive / unspecified,False,False,False,False,False,False,False,False,False,True,False,True,False,False,False,False,False,False,False,False,False,LGPL-3.0,https://raw.githubusercontent.com/mfcc64/youtube-musical-spectrum/master/COPYING,YELLOW,conditional; notice/linking obligations,SAFE_TO_STUDY,SAFE_TO_STUDY,LOW,22,48,48,39,40,47,82,78,58,General motion/color reference,,,False,True,AVAILABLE
jarcode-foss/glava,https://github.com/jarcode-foss/glava,1278,2024-01-19T08:05:20Z,False,C,"gtk, opengl",Desktop/native,"LED, bars, radial, shader, full-screen",True,True,False,False,False,False,True,True,True,True,True,False,True,True,True,False,False,True,True,False,False,GPL-3.0,https://raw.githubusercontent.com/jarcode-foss/glava/master/LICENSE,RED,conditions/high copyleft,REFERENCE_ONLY,REFERENCE_ONLY,MEDIUM,52,51,52,44,23,51,53,60,20,Discrete light vocabulary relevant to the reference; Frequency aggregation and spacing worth studying; Art direction useful; direct long-form port may be expensive,,,True,True,AVAILABLE
tlecomte/friture,https://github.com/tlecomte/friture,1120,2026-09-22T04:11:20Z,False,Python,Python,Desktop/native,bars,True,False,False,False,False,False,False,False,False,False,False,False,False,True,False,False,False,False,False,False,False,GPL-3.0,,RED,copyleft; production copy prohibited without review,REFERENCE_ONLY,REFERENCE_ONLY,LOW,32,51,51,47,56,54,90,86,20,Frequency aggregation and spacing worth studying,http://friture.org,,False,False,AVAILABLE
BaseMax/AudioVisualizerJS,https://github.com/BaseMax/AudioVisualizerJS,11,2022-08-02T13:39:19Z,False,JavaScript,canvas,Web,audio reactive / unspecified,False,False,False,False,False,False,False,False,False,True,False,False,False,False,False,False,False,False,False,True,False,GPL-3.0,https://raw.githubusercontent.com/BaseMax/AudioVisualizerJS/main/LICENSE,RED,conditions/high copyleft,REFERENCE_ONLY,REFERENCE_ONLY,LOW,22,45,45,38,40,46,82,78,20,General motion/color reference,https://basemax.github.io/AudioVisualizerJS/,research\visualizer_survey\screenshots\019_BaseMax_AudioVisualizerJS.jpg,True,True,AVAILABLE
TheNexusAvenger/Monstercat-Audio-Spectrum-Visualizer,https://github.com/TheNexusAvenger/Monstercat-Audio-Spectrum-Visualizer,27,2016-10-26T17:01:40Z,True,JavaScript,JavaScript,Web,"bars, line",True,False,False,False,True,False,False,False,False,False,True,False,False,True,False,False,False,False,False,False,True,NOASSERTION,,RED,unknown/no clear license,REFERENCE_ONLY,REFERENCE_ONLY,LOW,32,46,46,45,56,52,90,86,20,Frequency aggregation and spacing worth studying,,,True,False,AVAILABLE
Bauxitedev/spectral-visualizer,https://github.com/Bauxitedev/spectral-visualizer,106,2018-09-11T20:14:52Z,False,C#,C#,Desktop/native,"LED, dots, bars",True,True,True,False,False,False,False,False,False,True,False,True,True,True,False,False,False,True,True,False,True,NOASSERTION,,RED,unknown/no clear license,REFERENCE_ONLY,REFERENCE_ONLY,LOW,70,48,51,59,68,65,96,86,20,Discrete light vocabulary relevant to the reference; Frequency aggregation and spacing worth studying,,research\visualizer_survey\screenshots\021_Bauxitedev_spectral-visualizer.gif,True,False,AVAILABLE
deftio/WebAudioSpectrum,https://github.com/deftio/WebAudioSpectrum,27,2025-10-28T21:49:56Z,False,JavaScript,web audio,Web,"bars, waveform, line",True,False,False,False,True,True,False,False,False,True,True,False,True,True,True,True,False,False,False,False,False,MIT,https://raw.githubusercontent.com/deftio/WebAudioSpectrum/main/LICENSE.txt,GREEN,likely yes; preserve notices and re-check dependencies,DIRECT_REUSE_ALLOWED,DIRECT_REUSE_ALLOWED,LOW,32,55,55,49,56,55,90,86,95,Frequency aggregation and spacing worth studying,https://deftio.github.io/WebAudioSpectrum/,,True,True,AVAILABLE
zogi/spectrum-analyzer-js,https://github.com/zogi/spectrum-analyzer-js,29,2021-10-20T20:41:03Z,False,JavaScript,JavaScript,Web,bars,True,False,False,False,False,False,False,False,False,True,True,False,False,True,False,False,False,False,False,False,False,NOASSERTION,https://raw.githubusercontent.com/zogi/spectrum-analyzer-js/master/LICENSE.txt,GREEN,likely yes; preserve notices and re-check dependencies,DIRECT_REUSE_ALLOWED,DIRECT_REUSE_ALLOWED,LOW,32,46,46,45,56,52,90,86,95,Frequency aggregation and spacing worth studying,,,True,True,AVAILABLE
clarkezone/audiovisualizer,https://github.com/clarkezone/audiovisualizer,128,2020-10-07T12:39:58Z,False,C++,C++,Desktop/native,"LED, bars, line",True,True,False,False,True,False,False,False,False,True,True,True,False,True,False,False,False,True,False,False,True,MIT,https://raw.githubusercontent.com/clarkezone/audiovisualizer/master/LICENSE,GREEN,likely yes; preserve notices and re-check dependencies,DIRECT_REUSE_ALLOWED,DIRECT_REUSE_ALLOWED,LOW,44,48,44,48,56,53,90,86,95,Discrete light vocabulary relevant to the reference; Frequency aggregation and spacing worth studying,,research\visualizer_survey\screenshots\024_clarkezone_audiovisualizer.png,True,True,AVAILABLE
ranshufang55/sonascope,https://github.com/ranshufang55/sonascope,18,2026-09-10T07:08:33Z,False,TypeScript,TypeScript,Web,"bars, waveform, line",True,False,False,False,True,True,False,False,False,True,True,True,True,True,False,True,False,False,False,False,True,MIT,https://raw.githubusercontent.com/ranshufang55/sonascope/main/LICENSE,GREEN,likely yes; preserve notices and re-check dependencies,DIRECT_REUSE_ALLOWED,DIRECT_REUSE_ALLOWED,LOW,32,54,54,49,56,55,90,86,95,Frequency aggregation and spacing worth studying,,research\visualizer_survey\screenshots\025_ranshufang55_sonascope.png,True,True,AVAILABLE
katspaugh/wavesurfer.js,https://github.com/katspaugh/wavesurfer.js,10419,2026-09-24T15:49:15Z,False,TypeScript,"web audio, react",Web,"bars, waveform, line",True,False,False,False,True,True,False,False,False,True,True,True,True,True,False,True,False,True,False,False,True,BSD-3-Clause,https://raw.githubusercontent.com/katspaugh/wavesurfer.js/main/LICENSE,GREEN,likely yes; preserve notices and re-check dependencies,DIRECT_REUSE_ALLOWED,DIRECT_REUSE_ALLOWED,LOW,32,63,63,53,56,58,90,86,95,Frequency aggregation and spacing worth studying,https://wavesurfer.xyz,research\visualizer_survey\screenshots\026_katspaugh_wavesurfer.js.png,True,True,AVAILABLE
staskobzar/vue-audio-visual,https://github.com/staskobzar/vue-audio-visual,800,2026-09-13T12:07:28Z,False,TypeScript,"web audio, canvas, vue",Web,"bars, waveform, radial, line",True,False,False,False,True,True,True,False,False,True,True,True,False,True,False,True,False,True,True,True,True,MIT,https://raw.githubusercontent.com/staskobzar/vue-audio-visual/master/LICENSE,GREEN,likely yes; preserve notices and re-check dependencies,DIRECT_REUSE_ALLOWED,DIRECT_REUSE_ALLOWED,LOW,40,59,59,49,41,60,90,86,95,Frequency aggregation and spacing worth studying,,research\visualizer_survey\screenshots\027_staskobzar_vue-audio-visual.png,True,True,AVAILABLE
kelvinau/circular-audio-wave,https://github.com/kelvinau/circular-audio-wave,282,2024-05-18T11:34:02Z,False,JavaScript,web audio,Web,"LED, radial",False,True,False,False,False,False,True,False,False,True,True,True,False,False,False,False,False,True,False,False,False,MIT,https://raw.githubusercontent.com/kelvinau/circular-audio-wave/master/LICENSE,GREEN,likely yes; preserve notices and re-check dependencies,DIRECT_REUSE_ALLOWED,DIRECT_REUSE_ALLOWED,LOW,34,49,45,38,25,43,82,78,95,Discrete light vocabulary relevant to the reference,,research\visualizer_survey\screenshots\028_kelvinau_circular-audio-wave.gif,True,True,AVAILABLE
phip1611/audio-visualizer,https://github.com/phip1611/audio-visualizer,71,2026-09-21T06:40:14Z,False,Rust,Rust,Desktop/native,"LED, bars, waveform, line",True,True,False,False,True,True,False,False,False,True,False,True,False,True,True,False,False,True,False,False,True,MIT,https://raw.githubusercontent.com/phip1611/audio-visualizer/main/LICENSE,GREEN,likely yes; preserve notices and re-check dependencies,DIRECT_REUSE_ALLOWED,DIRECT_REUSE_ALLOWED,LOW,44,47,43,47,56,52,90,86,95,Discrete light vocabulary relevant to the reference; Frequency aggregation and spacing worth studying,,research\visualizer_survey\screenshots\029_phip1611_audio-visualizer.png,True,True,AVAILABLE
ricknout/android-visualizer,https://github.com/ricknout/android-visualizer,19,2017-05-06T12:58:46Z,False,Java,Java,Android,waveform,False,False,False,False,False,True,False,False,False,False,False,False,False,False,False,False,False,False,False,False,False,Apache-2.0,https://raw.githubusercontent.com/ricknout/android-visualizer/master/LICENSE.md,GREEN,likely yes; preserve notices and re-check dependencies,DIRECT_REUSE_ALLOWED,DIRECT_REUSE_ALLOWED,LOW,22,45,45,38,40,46,82,78,95,General motion/color reference,,,False,True,AVAILABLE
evan-moon/simple-waveform-visualizer,https://github.com/evan-moon/simple-waveform-visualizer,35,2023-03-05T17:06:47Z,False,TypeScript,TypeScript,Web,waveform,False,False,False,False,False,True,False,False,False,True,True,False,False,False,False,False,False,False,False,False,False,NOASSERTION,,RED,unknown/no clear license,REFERENCE_ONLY,REFERENCE_ONLY,LOW,22,46,46,38,40,47,82,78,20,General motion/color reference,https://evan-moon.github.io/simple-waveform-visualizer/,research\visualizer_survey\screenshots\031_evan-moon_simple-waveform-visualizer.png,True,False,AVAILABLE
chrisweb/waveform-visualizer,https://github.com/chrisweb/waveform-visualizer,35,2026-06-30T16:47:53Z,False,TypeScript,"canvas, react",Web,"LED, waveform, line",False,True,False,False,True,True,False,False,False,True,True,False,False,False,False,True,False,True,True,True,True,MIT,https://raw.githubusercontent.com/chrisweb/waveform-visualizer/main/LICENSE,GREEN,likely yes; preserve notices and re-check dependencies,DIRECT_REUSE_ALLOWED,DIRECT_REUSE_ALLOWED,LOW,42,55,51,47,40,58,82,78,95,Discrete light vocabulary relevant to the reference,https://chris.lu/myprojects,research\visualizer_survey\screenshots\032_chrisweb_waveform-visualizer.gif,True,True,AVAILABLE
mathiasvr/audio-oscilloscope,https://github.com/mathiasvr/audio-oscilloscope,96,2023-01-06T01:34:06Z,False,JavaScript,canvas,Web,waveform,False,False,False,False,False,True,False,False,False,True,True,False,False,True,True,False,False,False,False,True,False,MIT,https://raw.githubusercontent.com/mathiasvr/audio-oscilloscope/master/LICENSE,GREEN,likely yes; preserve notices and re-check dependencies,DIRECT_REUSE_ALLOWED,DIRECT_REUSE_ALLOWED,LOW,22,47,47,39,40,47,82,78,95,General motion/color reference,,research\visualizer_survey\screenshots\033_mathiasvr_audio-oscilloscope.gif,True,True,AVAILABLE
ndragun92/vue-music-flow,https://github.com/ndragun92/vue-music-flow,39,2025-09-22T06:28:57Z,False,Vue,vue,Desktop/native,"waveform, line",False,False,False,False,True,True,False,False,False,False,True,False,False,False,False,True,False,False,False,False,False,MIT,https://raw.githubusercontent.com/ndragun92/vue-music-flow/main/LICENSE,GREEN,likely yes; preserve notices and re-check dependencies,DIRECT_REUSE_ALLOWED,DIRECT_REUSE_ALLOWED,LOW,22,55,55,43,40,50,82,78,95,General motion/color reference,https://vue-music-flow-docs.vercel.app/,research\visualizer_survey\screenshots\034_ndragun92_vue-music-flow.jpg,True,True,AVAILABLE
jberg/butterchurn,https://github.com/jberg/butterchurn,1957,2026-04-20T01:09:52Z,False,JavaScript,"canvas, webgl",Web,"LED, bars, full-screen",True,True,False,False,False,False,False,True,True,True,True,False,True,False,False,False,False,True,False,True,True,MIT,https://raw.githubusercontent.com/jberg/butterchurn/master/LICENSE,GREEN,likely yes; preserve notices and re-check dependencies,DIRECT_REUSE_ALLOWED,DIRECT_REUSE_ALLOWED,MEDIUM,44,51,52,46,38,48,53,60,95,Discrete light vocabulary relevant to the reference; Frequency aggregation and spacing worth studying; Art direction useful; direct long-form port may be expensive,https://butterchurnviz.com/,research\visualizer_survey\screenshots\035_jberg_butterchurn.png,True,True,AVAILABLE
projectM-visualizer/projectm,https://github.com/projectM-visualizer/projectm,4486,2026-09-10T11:01:04Z,False,C++,"qt, opengl, android",Android,"LED, shader, line, full-screen",False,True,False,False,True,False,False,True,True,True,True,False,True,True,False,False,False,True,False,False,True,LGPL-2.1,https://raw.githubusercontent.com/projectM-visualizer/projectm/master/LICENSE.txt,YELLOW,conditional; notice/linking obligations,SAFE_TO_STUDY,SAFE_TO_STUDY,HIGH,34,52,53,40,22,43,45,52,58,Discrete light vocabulary relevant to the reference; Art direction useful; direct long-form port may be expensive,https://discord.gg/mMrxAqaa3W,research\visualizer_survey\screenshots\036_projectM-visualizer_projectm.png,True,True,AVAILABLE
zz-plant/stims,https://github.com/zz-plant/stims,10,2026-09-26T15:00:05Z,False,TypeScript,"canvas, webgl, react, opengl",Web,"LED, bars, waveform, shader, line, full-screen",True,True,False,False,True,True,False,True,True,True,True,True,True,True,True,True,True,True,False,True,True,Unlicense,https://raw.githubusercontent.com/zz-plant/stims/main/LICENSE,GREEN,likely yes; preserve notices and re-check dependencies,DIRECT_REUSE_ALLOWED,DIRECT_REUSE_ALLOWED,MEDIUM,54,64,65,55,38,52,53,60,95,Discrete light vocabulary relevant to the reference; Frequency aggregation and spacing worth studying; Art direction useful; direct long-form port may be expensive,https://toil.fyi,research\visualizer_survey\screenshots\037_zz-plant_stims.gif,True,True,AVAILABLE
jasonulbright/wavescope,https://github.com/jasonulbright/wavescope,2,2026-07-12T18:33:08Z,False,TypeScript,"web audio, canvas, webgl, react",Web,"LED, particles, bars, waveform, shader, line, full-screen",True,True,False,True,True,True,False,True,True,True,True,True,True,True,True,True,False,True,True,True,True,MIT,https://raw.githubusercontent.com/jasonulbright/wavescope/main/LICENSE,GREEN,likely yes; preserve notices and re-check dependencies,DIRECT_REUSE_ALLOWED,DIRECT_REUSE_ALLOWED,HIGH,52,59,66,53,38,59,35,38,95,Discrete light vocabulary relevant to the reference; Frequency aggregation and spacing worth studying; Art direction useful; direct long-form port may be expensive,https://wavescope.signalridgelabs.com,research\visualizer_survey\screenshots\038_jasonulbright_wavescope.webp,True,True,AVAILABLE
EYHN/Azusa,https://github.com/EYHN/Azusa,105,2021-06-28T09:30:17Z,True,HTML,"canvas, webgl",Web,bars,True,False,False,False,False,False,False,True,False,True,True,True,False,True,False,False,False,True,False,True,False,GPL-2.0,https://raw.githubusercontent.com/EYHN/Azusa/master/LICENSE,RED,copyleft; production copy prohibited without review,REFERENCE_ONLY,REFERENCE_ONLY,MEDIUM,32,48,53,47,56,53,65,68,20,Frequency aggregation and spacing worth studying; Art direction useful; direct long-form port may be expensive,https://eyhn.github.io/Azusa/example,research\visualizer_survey\screenshots\039_EYHN_Azusa.jpg,True,True,AVAILABLE
vovoid/vsxu,https://github.com/vovoid/vsxu,378,2019-06-22T21:00:28Z,True,C,opengl,Desktop/native,audio reactive / unspecified,False,False,False,False,False,False,False,False,False,False,True,False,False,False,False,False,False,False,False,False,False,NOASSERTION,https://raw.githubusercontent.com/vovoid/vsxu/master/COPYING,RED,conditions/high copyleft,REFERENCE_ONLY,REFERENCE_ONLY,LOW,22,49,49,40,40,48,82,78,20,General motion/color reference,http://vsxu.com,research\visualizer_survey\screenshots\040_vovoid_vsxu.png,True,True,AVAILABLE
rocksdanister/audio-visualizer-wallpaper,https://github.com/rocksdanister/audio-visualizer-wallpaper,170,2024-04-06T00:03:40Z,False,JavaScript,react,Web,full-screen,False,False,False,False,False,False,False,False,True,True,False,False,False,False,False,False,False,False,False,False,False,MIT,,GREEN,likely yes; preserve notices and re-check dependencies,DIRECT_REUSE_ALLOWED,DIRECT_REUSE_ALLOWED,MEDIUM,22,48,48,35,22,41,70,70,95,General motion/color reference,https://rocksdanister.com/lively,,True,False,AVAILABLE
tgcnzn/Interactive-Particles-Music-Visualizer,https://github.com/tgcnzn/Interactive-Particles-Music-Visualizer,90,2024-07-08T18:54:50Z,False,JavaScript,"three.js, webgl, react",Web,particles,False,False,False,True,False,False,False,True,False,True,True,True,False,False,False,False,False,False,False,False,False,MIT,https://raw.githubusercontent.com/tgcnzn/Interactive-Particles-Music-Visualizer/main/LICENSE,GREEN,likely yes; preserve notices and re-check dependencies,DIRECT_REUSE_ALLOWED,DIRECT_REUSE_ALLOWED,HIGH,22,55,66,45,40,50,39,38,95,Art direction useful; direct long-form port may be expensive,,,True,True,AVAILABLE
SeanFree/musical-particles-v3,https://github.com/SeanFree/musical-particles-v3,10,2022-02-10T18:41:32Z,False,Vue,vue,Desktop/native,particles,False,False,False,True,False,False,False,False,False,False,True,False,False,False,False,False,False,False,True,True,False,NOASSERTION,,RED,unknown/no clear license,REFERENCE_ONLY,REFERENCE_ONLY,MEDIUM,30,53,59,45,40,57,64,56,20,Art direction useful; direct long-form port may be expensive,,,True,False,AVAILABLE
SeanFree/musical-particles-v4,https://github.com/SeanFree/musical-particles-v4,4,2026-03-22T13:07:00Z,False,TypeScript,TypeScript,Web,particles,False,False,False,True,False,False,False,False,False,False,False,False,False,False,False,False,False,False,False,False,False,NOASSERTION,,RED,unknown/no clear license,REFERENCE_ONLY,REFERENCE_ONLY,MEDIUM,22,51,57,42,40,48,64,56,20,Art direction useful; direct long-form port may be expensive,,,True,False,AVAILABLE
fadelakin/Audio_Reactive_Particles,https://github.com/fadelakin/Audio_Reactive_Particles,2,2014-11-11T04:15:45Z,False,Processing,react,Desktop/native,particles,False,False,False,True,False,False,False,False,False,False,False,False,False,False,False,False,False,False,False,False,False,MIT,https://raw.githubusercontent.com/fadelakin/Audio_Reactive_Particles/master/LICENSE,GREEN,likely yes; preserve notices and re-check dependencies,DIRECT_REUSE_ALLOWED,DIRECT_REUSE_ALLOWED,MEDIUM,22,50,56,42,40,48,64,56,95,Art direction useful; direct long-form port may be expensive,,,True,True,AVAILABLE
andrinr/frequency-gpu-particles,https://github.com/andrinr/frequency-gpu-particles,15,2020-11-30T09:14:38Z,False,Unknown,Unknown,Desktop/native,particles,False,False,False,True,False,False,False,False,False,False,False,False,False,False,False,False,False,False,False,False,False,Apache-2.0,https://raw.githubusercontent.com/andrinr/frequency-gpu-particles/master/LICENSE,GREEN,likely yes; preserve notices and re-check dependencies,DIRECT_REUSE_ALLOWED,DIRECT_REUSE_ALLOWED,MEDIUM,22,53,59,43,40,49,64,56,95,Art direction useful; direct long-form port may be expensive,,,False,True,AVAILABLE
Blacktea0/play-music-particle-visualizer,https://github.com/Blacktea0/play-music-particle-visualizer,24,2026-06-27T17:20:23Z,False,TypeScript,TypeScript,Web,"particles, shader",False,False,False,True,False,False,False,True,False,True,True,False,False,False,False,False,False,False,False,False,True,NOASSERTION,,RED,unknown/no clear license,REFERENCE_ONLY,REFERENCE_ONLY,HIGH,22,54,65,45,40,49,39,38,20,Art direction useful; direct long-form port may be expensive,https://blacktea0.github.io/play-music-particle-visualizer/,,True,False,AVAILABLE
nickstanish/visual-audio-js,https://github.com/nickstanish/visual-audio-js,5,2018-09-04T03:21:33Z,False,CSS,webgl,Desktop/native,particles,False,False,False,True,False,False,False,True,False,False,True,False,False,False,False,False,False,False,False,False,False,MIT,https://raw.githubusercontent.com/nickstanish/visual-audio-js/master/LICENSE,GREEN,likely yes; preserve notices and re-check dependencies,DIRECT_REUSE_ALLOWED,DIRECT_REUSE_ALLOWED,HIGH,22,52,63,44,40,49,39,38,95,Art direction useful; direct long-form port may be expensive,https://nickstanish.com/visual-audio-js/,,True,True,AVAILABLE
davidharrigan/Audio-Visualizer-Particles,https://github.com/davidharrigan/Audio-Visualizer-Particles,0,2014-05-29T02:25:21Z,False,C++,C++,Desktop/native,particles,False,False,False,True,False,False,False,False,False,True,False,False,False,False,False,False,False,False,False,False,False,NOASSERTION,,RED,unknown/no clear license,REFERENCE_ONLY,REFERENCE_ONLY,MEDIUM,22,50,56,42,40,48,64,56,20,Art direction useful; direct long-form port may be expensive,,research\visualizer_survey\screenshots\049_davidharrigan_Audio-Visualizer-Particles.jpg,True,False,AVAILABLE
kevinraymond/fosfora,https://github.com/kevinraymond/fosfora,48,2026-09-23T04:29:59Z,False,Rust,react,Desktop/native,"LED, particles, bars, shader, line, full-screen",True,True,False,True,True,False,False,True,True,True,True,False,True,True,False,False,False,True,True,True,True,Apache-2.0,,GREEN,likely yes; preserve notices and re-check dependencies,DIRECT_REUSE_ALLOWED,DIRECT_REUSE_ALLOWED,HIGH,52,55,62,51,38,57,35,38,95,Discrete light vocabulary relevant to the reference; Frequency aggregation and spacing worth studying; Art direction useful; direct long-form port may be expensive,https://github.com/kevinraymond/fosfora/wiki,research\visualizer_survey\screenshots\050_kevinraymond_fosfora.webp,True,False,AVAILABLE
wayou/3D_Audio_Spectrum_VIsualizer,https://github.com/wayou/3D_Audio_Spectrum_VIsualizer,175,2015-10-23T20:10:39Z,False,JavaScript,three.js,Web,bars,True,False,False,False,False,False,False,False,False,True,False,False,False,True,False,False,False,False,False,False,False,NOASSERTION,,RED,unknown/no clear license,REFERENCE_ONLY,REFERENCE_ONLY,LOW,32,48,48,46,56,53,90,86,20,Frequency aggregation and spacing worth studying,http://wayou.github.io/3D_Audio_Spectrum_VIsualizer,research\visualizer_survey\screenshots\051_wayou_3D_Audio_Spectrum_VIsualizer.jpg,True,False,AVAILABLE
macobo/WebGL-Audio-Visualization,https://github.com/macobo/WebGL-Audio-Visualization,104,2014-06-11T19:36:31Z,False,JavaScript,"three.js, webgl",Web,"LED, particles, bars",True,True,False,True,False,False,False,True,False,True,True,True,False,True,True,False,False,True,False,False,False,MIT,https://raw.githubusercontent.com/macobo/WebGL-Audio-Visualization/gh-pages/LICENSE,GREEN,likely yes; preserve notices and re-check dependencies,DIRECT_REUSE_ALLOWED,DIRECT_REUSE_ALLOWED,HIGH,44,56,63,54,56,55,47,46,95,Discrete light vocabulary relevant to the reference; Frequency aggregation and spacing worth studying; Art direction useful; direct long-form port may be expensive,,research\visualizer_survey\screenshots\052_macobo_WebGL-Audio-Visualization.png,True,True,AVAILABLE
rolyatmax/audiofabric,https://github.com/rolyatmax/audiofabric,479,2022-12-06T19:48:03Z,False,JavaScript,JavaScript,Web,audio reactive / unspecified,False,False,False,False,False,False,False,False,False,True,True,False,False,False,False,False,False,False,False,False,False,NOASSERTION,,RED,unknown/no clear license,REFERENCE_ONLY,REFERENCE_ONLY,LOW,22,50,50,40,40,48,82,78,20,General motion/color reference,https://tbaldw.in/audiofabric,,True,False,AVAILABLE
DodekaHydra/arcane.gl,https://github.com/DodekaHydra/arcane.gl,34,2013-08-15T00:23:48Z,False,JavaScript,"three.js, webgl, react",Web,"LED, bars, radial",True,True,False,False,False,False,True,True,False,False,False,False,False,True,False,True,False,True,False,False,False,BSD-2-Clause,https://raw.githubusercontent.com/DodekaHydra/arcane.gl/master/LICENSE,GREEN,likely yes; preserve notices and re-check dependencies,DIRECT_REUSE_ALLOWED,DIRECT_REUSE_ALLOWED,MEDIUM,44,55,56,49,41,50,65,68,95,Discrete light vocabulary relevant to the reference; Frequency aggregation and spacing worth studying; Art direction useful; direct long-form port may be expensive,,,True,True,AVAILABLE
wayne-wu/webgl-music-visualizer,https://github.com/wayne-wu/webgl-music-visualizer,15,2023-05-23T08:35:30Z,False,TypeScript,webgl,Web,"bars, line",True,False,False,False,True,False,False,True,False,True,False,False,False,True,True,True,True,False,False,False,False,NOASSERTION,,RED,unknown/no clear license,REFERENCE_ONLY,REFERENCE_ONLY,MEDIUM,42,64,69,57,56,58,65,68,20,Frequency aggregation and spacing worth studying; Art direction useful; direct long-form port may be expensive,,research\visualizer_survey\screenshots\055_wayne-wu_webgl-music-visualizer.gif,True,False,AVAILABLE
jseidelin/webgl-music-visualizer,https://github.com/jseidelin/webgl-music-visualizer,4,2016-06-03T18:43:34Z,False,JavaScript,"webgl, android",Web,particles,False,False,False,True,False,False,False,True,False,True,False,False,False,False,False,False,False,False,False,False,False,NOASSERTION,,RED,unknown/no clear license,REFERENCE_ONLY,REFERENCE_ONLY,HIGH,22,51,62,43,40,48,39,38,20,Art direction useful; direct long-form port may be expensive,,,True,False,AVAILABLE
dcyoung/r3f-audio-visualizer,https://github.com/dcyoung/r3f-audio-visualizer,136,2026-06-21T16:00:44Z,False,TypeScript,"three.js, react",Web,audio reactive / unspecified,False,False,False,False,False,False,False,False,False,True,False,False,False,False,False,False,False,False,False,False,False,MIT,,GREEN,likely yes; preserve notices and re-check dependencies,DIRECT_REUSE_ALLOWED,DIRECT_REUSE_ALLOWED,LOW,22,48,48,39,40,47,82,78,95,General motion/color reference,https://dcyoung.github.io/r3f-audio-visualizer/,research\visualizer_survey\screenshots\057_dcyoung_r3f-audio-visualizer.gif,True,False,AVAILABLE
santosharron/audio-visualizer-three-js,https://github.com/santosharron/audio-visualizer-three-js,111,2023-12-05T15:22:52Z,False,JavaScript,"three.js, webgl",Web,audio reactive / unspecified,False,False,False,False,False,False,False,True,False,True,False,True,False,False,False,False,False,False,False,False,False,MIT,https://raw.githubusercontent.com/santosharron/audio-visualizer-three-js/main/LICENSE,GREEN,likely yes; preserve notices and re-check dependencies,DIRECT_REUSE_ALLOWED,DIRECT_REUSE_ALLOWED,MEDIUM,22,48,53,40,40,47,57,60,95,Art direction useful; direct long-form port may be expensive,https://santosharron.github.io/audio-visualizer-three-js/,research\visualizer_survey\screenshots\058_santosharron_audio-visualizer-three-js.png,True,True,AVAILABLE
l1ve4code/3d-music-visualizer,https://github.com/l1ve4code/3d-music-visualizer,40,2024-05-09T18:40:17Z,False,TypeScript,"three.js, web audio",Web,audio reactive / unspecified,False,False,False,False,False,False,False,False,False,True,True,False,False,False,False,False,False,False,False,False,False,MIT,https://raw.githubusercontent.com/l1ve4code/3d-music-visualizer/main/LICENSE,GREEN,likely yes; preserve notices and re-check dependencies,DIRECT_REUSE_ALLOWED,DIRECT_REUSE_ALLOWED,LOW,22,46,46,38,40,47,82,78,95,General motion/color reference,,research\visualizer_survey\screenshots\059_l1ve4code_3d-music-visualizer.jpg,True,True,AVAILABLE
kekkorider/threejs-circular-audio-visualizer,https://github.com/kekkorider/threejs-circular-audio-visualizer,7,2022-11-26T09:34:46Z,False,JavaScript,JavaScript,Web,audio reactive / unspecified,False,False,False,False,False,False,False,False,False,False,True,False,False,False,False,False,False,False,False,False,False,MIT,https://raw.githubusercontent.com/kekkorider/threejs-circular-audio-visualizer/main/LICENSE,GREEN,likely yes; preserve notices and re-check dependencies,DIRECT_REUSE_ALLOWED,DIRECT_REUSE_ALLOWED,LOW,22,44,44,37,40,46,82,78,95,General motion/color reference,https://threejs-circular-audio-visualizer.netlify.app/,,True,True,AVAILABLE
